{
  "images" : [
    {
      "size" : "20x20",
      "idiom" : "iphone",
      "filename" : "icon 20pt@2x.png",
      "scale" : "2x"
    },
    {
      "size" : "20x20",
      "idiom" : "iphone",
      "filename" : "icon 20pt@3x.png",
      "scale" : "3x"
    },
    {
      "size" : "29x29",
      "idiom" : "iphone",
      "filename" : "icon29pt@2x.png",
      "scale" : "2x"
    },
    {
      "size" : "29x29",
      "idiom" : "iphone",
      "filename" : "icon29pt@3x.png",
      "scale" : "3x"
    },
    {
      "size" : "40x40",
      "idiom" : "iphone",
      "filename" : "icon40pt@2x.png",
      "scale" : "2x"
    },
    {
      "size" : "40x40",
      "idiom" : "iphone",
      "filename" : "icon40pt@3x.png",
      "scale" : "3x"
    },
    {
      "size" : "60x60",
      "idiom" : "iphone",
      "filename" : "icon60pt@2x.png",
      "scale" : "2x"
    },
    {
      "size" : "60x60",
      "idiom" : "iphone",
      "filename" : "icon60pt@3x.png",
      "scale" : "3x"
    },
    {
      "size" : "20x20",
      "idiom" : "ipad",
      "filename" : "icon 20pt.png",
      "scale" : "1x"
    },
    {
      "size" : "20x20",
      "idiom" : "ipad",
      "filename" : "icon 20pt@2x-1.png",
      "scale" : "2x"
    },
    {
      "size" : "29x29",
      "idiom" : "ipad",
      "filename" : "icon 29pt.png",
      "scale" : "1x"
    },
    {
      "size" : "29x29",
      "idiom" : "ipad",
      "filename" : "icon29pt@2x-1.png",
      "scale" : "2x"
    },
    {
      "size" : "40x40",
      "idiom" : "ipad",
      "filename" : "icon40pt.png",
      "scale" : "1x"
    },
    {
      "size" : "40x40",
      "idiom" : "ipad",
      "filename" : "icon40pt@2x-1.png",
      "scale" : "2x"
    },
    {
      "size" : "76x76",
      "idiom" : "ipad",
      "filename" : "icon76pt.png",
      "scale" : "1x"
    },
    {
      "size" : "76x76",
      "idiom" : "ipad",
      "filename" : "icon76pt@2x.png",
      "scale" : "2x"
    },
    {
      "size" : "83.5x83.5",
      "idiom" : "ipad",
      "filename" : "icon83,5pt@2x.png",
      "scale" : "2x"
    },
    {
      "size" : "1024x1024",
      "idiom" : "ios-marketing",
      "filename" : "icon1024pt.png",
      "scale" : "1x"
    }
  ],
  "info" : {
    "version" : 1,
    "author" : "xcode"
  }
}